,tweet_id,text,created_at,user_id,user_name,user_description,followers_count,verified,cause,class,f0,f1,f2,f3,f4,f5,f6,f7,f8,f9,f10,f11,f12,f13,f14,f15,f16,f17,f18,f19,f20,f21,f22,f23,f24,f25,f26,f27,f28,f29,f30,f31,f32,f33,f34,f35,f36,f37,f38,f39,f40,f41,f42,f43,f44,f45,f46,f47,f48,f49,f50,f51,f52,f53,f54,f55,f56,f57,f58,f59,f60,f61,f62,f63,f64,f65,f66,f67,f68,f69,f70,f71,f72,f73,f74,f75,f76
0,8.174245121993933e+17,#M25 anti-clockwise between J24 and J23 - Congestion - Full details at https://t.co/l5EmoAw0RN,2017-01-06T17:36:05.000Z,797685578.0,Live Traffic - M25,Live #M25 traffic information updated every 5 minutes by @MotorwayCameras - SEE the traffic live CCTV images @ http://t.co/xQQta8vJRK,54500.0,0.0,conges full,1,0.0,0.0,0.0,0.0,0.0,1.0,0.0,0.0,0.0,0.0,0.0,0.0,0.0,0.0,0.0,0.0,0.0,0.0,0.0,0.0,1.0,0.0,0.0,0.0,0.0,0.0,0.0,0.0,0.0,0.0,0.0,0.0,0.0,0.0,0.0,0.0,0.0,0.0,0.0,0.0,0.0,0.0,0.0,0.0,0.0,0.0,0.0,0.0,0.0,0.0,0.0,0.0,0.0,0.0,0.0,0.0,0.0,0.0,0.0,0.0,0.0,0.0,0.0,0.0,0.0,0.0,0.0,0.0,0.0,0.0,0.0,0.0,0.0,0.0,0.0,0.0,0.0
1,8.174245134744617e+17,#M25 anti-clockwise between J24 and J23 - Congestion - Full details at https://t.co/LwI3prBa31,2017-01-06T17:36:05.000Z,2203877580.0,Traffic - All M'ways,Live #traffic news and information from every UK #motorway! Now updated every 5 minutes by @MotorwayCameras - SEE the traffic @ http://t.co/WFCp3NaSjI,2600.0,0.0,conges full,1,0.0,0.0,0.0,0.0,0.0,1.0,0.0,0.0,0.0,0.0,0.0,0.0,0.0,0.0,0.0,0.0,0.0,0.0,0.0,0.0,1.0,0.0,0.0,0.0,0.0,0.0,0.0,0.0,0.0,0.0,0.0,0.0,0.0,0.0,0.0,0.0,0.0,0.0,0.0,0.0,0.0,0.0,0.0,0.0,0.0,0.0,0.0,0.0,0.0,0.0,0.0,0.0,0.0,0.0,0.0,0.0,0.0,0.0,0.0,0.0,0.0,0.0,0.0,0.0,0.0,0.0,0.0,0.0,0.0,0.0,0.0,0.0,0.0,0.0,0.0,0.0,0.0
2,8.174252678827622e+17,#M25 anti-clockwise between J24 and J23 | Congestion https://t.co/o3fCs7GpMF,2017-01-06T17:39:05.000Z,224662544.0,National Highways: East,"OFFICIAL FEED. Live traffic info on Englandâ€™s motorways + major A roads. 
ðŸ†˜ In an emergency: phone 999 
General enquiry: phone our contact centre 0300 123 5000",61664.0,0.0,conges,1,0.0,0.0,0.0,0.0,0.0,1.0,0.0,0.0,0.0,0.0,0.0,0.0,0.0,0.0,0.0,0.0,0.0,0.0,0.0,0.0,0.0,0.0,0.0,0.0,0.0,0.0,0.0,0.0,0.0,0.0,0.0,0.0,0.0,0.0,0.0,0.0,0.0,0.0,0.0,0.0,0.0,0.0,0.0,0.0,0.0,0.0,0.0,0.0,0.0,0.0,0.0,0.0,0.0,0.0,0.0,0.0,0.0,0.0,0.0,0.0,0.0,0.0,0.0,0.0,0.0,0.0,0.0,0.0,0.0,0.0,0.0,0.0,0.0,0.0,0.0,0.0,0.0
3,8.174253793884283e+17,#M25 anti-clockwise between J24 and J23 | Congestion https://t.co/5aBapXajoy Thx 2 HW England,2017-01-06T17:39:32.000Z,4122209764.0,trafficjamnetwork,Account has been set up to allow people to share their traffic jam or congestion info all from one feed.,1909.0,0.0,conges,1,0.0,0.0,0.0,0.0,0.0,1.0,0.0,0.0,0.0,0.0,0.0,0.0,0.0,0.0,0.0,0.0,0.0,0.0,0.0,0.0,0.0,0.0,0.0,0.0,0.0,0.0,0.0,0.0,0.0,0.0,0.0,0.0,0.0,0.0,0.0,0.0,0.0,0.0,0.0,0.0,0.0,0.0,0.0,0.0,0.0,0.0,0.0,0.0,0.0,0.0,0.0,0.0,0.0,0.0,0.0,0.0,0.0,0.0,0.0,0.0,0.0,0.0,0.0,0.0,0.0,0.0,0.0,0.0,0.0,0.0,0.0,0.0,0.0,0.0,0.0,0.0,0.0
4,8.194683328646636e+17,"M25 : Queueing traffic anticlockwise between J25, Enfield and J24, Potters Bar - after problems earlier at J23",2017-01-12T08:57:30.000Z,20258343.0,5 live Travel,"BBC Radio 5 live's travel team with national travel updates for the UK.
Listen online via http://t.co/DMJqiz8E",3795.0,0.0,queu problem,0,0.0,0.0,0.0,0.0,0.0,0.0,0.0,0.0,0.0,0.0,0.0,0.0,1.0,0.0,0.0,0.0,0.0,0.0,0.0,0.0,0.0,0.0,0.0,0.0,0.0,0.0,0.0,0.0,0.0,0.0,0.0,0.0,0.0,0.0,0.0,0.0,0.0,0.0,0.0,0.0,0.0,0.0,0.0,0.0,0.0,0.0,0.0,0.0,0.0,0.0,0.0,0.0,0.0,0.0,0.0,0.0,0.0,0.0,0.0,0.0,0.0,0.0,0.0,0.0,0.0,0.0,0.0,0.0,0.0,0.0,0.0,0.0,1.0,0.0,0.0,0.0,0.0
5,8.208884933165711e+17,#M25 - MINOR - Hertfordshire Anti-Clockwise - Congestion - Between J24 for A111 Hertfordshire and J23 for A1 South Mimms,2017-01-16T07:00:42.000Z,8.11607645018792e+17,UK Motorways Traffic,This is traffic updates of all motorways in the uk ðŸ‡¬ðŸ‡§! I'm available every day between 6:30AM - 20:00PM on weekdays and weekends 7AM to 19PM,568.0,0.0,conges,0,0.0,0.0,0.0,0.0,0.0,1.0,0.0,0.0,0.0,0.0,0.0,0.0,0.0,0.0,0.0,0.0,0.0,0.0,0.0,0.0,0.0,0.0,0.0,0.0,0.0,0.0,0.0,0.0,0.0,0.0,0.0,0.0,0.0,0.0,0.0,0.0,0.0,0.0,0.0,0.0,0.0,0.0,0.0,0.0,0.0,0.0,0.0,0.0,0.0,0.0,0.0,0.0,0.0,0.0,0.0,0.0,0.0,0.0,0.0,0.0,0.0,0.0,0.0,0.0,0.0,0.0,0.0,0.0,0.0,0.0,0.0,0.0,0.0,0.0,0.0,0.0,0.0
6,8.209887437462897e+17,#M25 anti-clockwise between J24 and J23 - Congestion - Full details at https://t.co/l5EmoAw0RN,2017-01-16T13:39:04.000Z,797685578.0,Live Traffic - M25,Live #M25 traffic information updated every 5 minutes by @MotorwayCameras - SEE the traffic live CCTV images @ http://t.co/xQQta8vJRK,54500.0,0.0,conges full,0,0.0,0.0,0.0,0.0,0.0,1.0,0.0,0.0,0.0,0.0,0.0,0.0,0.0,0.0,0.0,0.0,0.0,0.0,0.0,0.0,1.0,0.0,0.0,0.0,0.0,0.0,0.0,0.0,0.0,0.0,0.0,0.0,0.0,0.0,0.0,0.0,0.0,0.0,0.0,0.0,0.0,0.0,0.0,0.0,0.0,0.0,0.0,0.0,0.0,0.0,0.0,0.0,0.0,0.0,0.0,0.0,0.0,0.0,0.0,0.0,0.0,0.0,0.0,0.0,0.0,0.0,0.0,0.0,0.0,0.0,0.0,0.0,0.0,0.0,0.0,0.0,0.0
7,8.2098874472772e+17,#M25 anti-clockwise between J24 and J23 - Congestion - Full details at https://t.co/LwI3prBa31,2017-01-16T13:39:04.000Z,2203877580.0,Traffic - All M'ways,Live #traffic news and information from every UK #motorway! Now updated every 5 minutes by @MotorwayCameras - SEE the traffic @ http://t.co/WFCp3NaSjI,2600.0,0.0,conges full,0,0.0,0.0,0.0,0.0,0.0,1.0,0.0,0.0,0.0,0.0,0.0,0.0,0.0,0.0,0.0,0.0,0.0,0.0,0.0,0.0,1.0,0.0,0.0,0.0,0.0,0.0,0.0,0.0,0.0,0.0,0.0,0.0,0.0,0.0,0.0,0.0,0.0,0.0,0.0,0.0,0.0,0.0,0.0,0.0,0.0,0.0,0.0,0.0,0.0,0.0,0.0,0.0,0.0,0.0,0.0,0.0,0.0,0.0,0.0,0.0,0.0,0.0,0.0,0.0,0.0,0.0,0.0,0.0,0.0,0.0,0.0,0.0,0.0,0.0,0.0,0.0,0.0
8,8.212509599973335e+17,#M25 - MINOR - Hertfordshire Anti-Clockwise - Congestion - Between J24 for A111 Hertfordshire and J23 for A1 South Mimms,2017-01-17T07:01:01.000Z,8.11607645018792e+17,UK Motorways Traffic,This is traffic updates of all motorways in the uk ðŸ‡¬ðŸ‡§! I'm available every day between 6:30AM - 20:00PM on weekdays and weekends 7AM to 19PM,568.0,0.0,conges,0,0.0,0.0,0.0,0.0,0.0,1.0,0.0,0.0,0.0,0.0,0.0,0.0,0.0,0.0,0.0,0.0,0.0,0.0,0.0,0.0,0.0,0.0,0.0,0.0,0.0,0.0,0.0,0.0,0.0,0.0,0.0,0.0,0.0,0.0,0.0,0.0,0.0,0.0,0.0,0.0,0.0,0.0,0.0,0.0,0.0,0.0,0.0,0.0,0.0,0.0,0.0,0.0,0.0,0.0,0.0,0.0,0.0,0.0,0.0,0.0,0.0,0.0,0.0,0.0,0.0,0.0,0.0,0.0,0.0,0.0,0.0,0.0,0.0,0.0,0.0,0.0,0.0
9,8.217021972472955e+17,M25 anti-clockwise between J24 and J23 | Accident https://t.co/RDiIRea6rt,2017-01-18T12:54:04.000Z,224662544.0,National Highways: East,"OFFICIAL FEED. Live traffic info on Englandâ€™s motorways + major A roads. 
ðŸ†˜ In an emergency: phone 999 
General enquiry: phone our contact centre 0300 123 5000",61664.0,0.0,accident,0,0.0,0.0,0.0,0.0,0.0,0.0,0.0,0.0,0.0,0.0,0.0,0.0,0.0,0.0,0.0,0.0,0.0,0.0,0.0,0.0,0.0,0.0,0.0,0.0,0.0,0.0,0.0,0.0,0.0,0.0,1.0,0.0,0.0,0.0,0.0,0.0,0.0,0.0,0.0,0.0,0.0,0.0,0.0,0.0,0.0,0.0,0.0,0.0,0.0,0.0,0.0,0.0,0.0,0.0,0.0,0.0,0.0,0.0,0.0,0.0,0.0,0.0,0.0,0.0,0.0,0.0,0.0,0.0,0.0,0.0,0.0,0.0,0.0,0.0,0.0,0.0,0.0
10,8.217022078380483e+17,#M25 anti-clockwise between J24 and J23 - Accident - Full details at https://t.co/l5EmoAw0RN,2017-01-18T12:54:07.000Z,797685578.0,Live Traffic - M25,Live #M25 traffic information updated every 5 minutes by @MotorwayCameras - SEE the traffic live CCTV images @ http://t.co/xQQta8vJRK,54500.0,0.0,accident full,0,0.0,0.0,0.0,0.0,0.0,0.0,0.0,0.0,0.0,0.0,0.0,0.0,0.0,0.0,0.0,0.0,0.0,0.0,0.0,0.0,1.0,0.0,0.0,0.0,0.0,0.0,0.0,0.0,0.0,0.0,1.0,0.0,0.0,0.0,0.0,0.0,0.0,0.0,0.0,0.0,0.0,0.0,0.0,0.0,0.0,0.0,0.0,0.0,0.0,0.0,0.0,0.0,0.0,0.0,0.0,0.0,0.0,0.0,0.0,0.0,0.0,0.0,0.0,0.0,0.0,0.0,0.0,0.0,0.0,0.0,0.0,0.0,0.0,0.0,0.0,0.0,0.0
11,8.217022090795377e+17,#M25 anti-clockwise between J24 and J23 - Accident - Full details at https://t.co/LwI3prBa31,2017-01-18T12:54:07.000Z,2203877580.0,Traffic - All M'ways,Live #traffic news and information from every UK #motorway! Now updated every 5 minutes by @MotorwayCameras - SEE the traffic @ http://t.co/WFCp3NaSjI,2600.0,0.0,accident full,0,0.0,0.0,0.0,0.0,0.0,0.0,0.0,0.0,0.0,0.0,0.0,0.0,0.0,0.0,0.0,0.0,0.0,0.0,0.0,0.0,1.0,0.0,0.0,0.0,0.0,0.0,0.0,0.0,0.0,0.0,1.0,0.0,0.0,0.0,0.0,0.0,0.0,0.0,0.0,0.0,0.0,0.0,0.0,0.0,0.0,0.0,0.0,0.0,0.0,0.0,0.0,0.0,0.0,0.0,0.0,0.0,0.0,0.0,0.0,0.0,0.0,0.0,0.0,0.0,0.0,0.0,0.0,0.0,0.0,0.0,0.0,0.0,0.0,0.0,0.0,0.0,0.0
12,8.217027875495608e+17,M25 anti-clockwise between J24 and J23 | Accident https://t.co/cNS7EWjmYa Thx 2 HW England,2017-01-18T12:56:25.000Z,4122209764.0,trafficjamnetwork,Account has been set up to allow people to share their traffic jam or congestion info all from one feed.,1909.0,0.0,accident,0,0.0,0.0,0.0,0.0,0.0,0.0,0.0,0.0,0.0,0.0,0.0,0.0,0.0,0.0,0.0,0.0,0.0,0.0,0.0,0.0,0.0,0.0,0.0,0.0,0.0,0.0,0.0,0.0,0.0,0.0,1.0,0.0,0.0,0.0,0.0,0.0,0.0,0.0,0.0,0.0,0.0,0.0,0.0,0.0,0.0,0.0,0.0,0.0,0.0,0.0,0.0,0.0,0.0,0.0,0.0,0.0,0.0,0.0,0.0,0.0,0.0,0.0,0.0,0.0,0.0,0.0,0.0,0.0,0.0,0.0,0.0,0.0,0.0,0.0,0.0,0.0,0.0
13,8.217067336302756e+17,#M25 anti-clockwise between J24 and J23 - Accident - Full details at https://t.co/l5EmoANBJl,2017-01-18T13:12:06.000Z,797685578.0,Live Traffic - M25,Live #M25 traffic information updated every 5 minutes by @MotorwayCameras - SEE the traffic live CCTV images @ http://t.co/xQQta8vJRK,54500.0,0.0,accident full,0,0.0,0.0,0.0,0.0,0.0,0.0,0.0,0.0,0.0,0.0,0.0,0.0,0.0,0.0,0.0,0.0,0.0,0.0,0.0,0.0,1.0,0.0,0.0,0.0,0.0,0.0,0.0,0.0,0.0,0.0,1.0,0.0,0.0,0.0,0.0,0.0,0.0,0.0,0.0,0.0,0.0,0.0,0.0,0.0,0.0,0.0,0.0,0.0,0.0,0.0,0.0,0.0,0.0,0.0,0.0,0.0,0.0,0.0,0.0,0.0,0.0,0.0,0.0,0.0,0.0,0.0,0.0,0.0,0.0,0.0,0.0,0.0,0.0,0.0,0.0,0.0,0.0
14,8.221032421211791e+17,Eastern Traffic M25 anti-clockwise between J24 and J23 | Anti-Clockwise | Road Works https://t.co/OVKXnxGKGd Drive Safe All,2017-01-19T15:27:41.000Z,436707362.0,UK.HGV.DriverNetwork,The UK HGV Driver Network provides travel & traffic news weather alerts and job alerts 24/7. Follow us for up to date & relevant information,1618.0,0.0,work,0,0.0,0.0,0.0,0.0,0.0,0.0,0.0,0.0,0.0,0.0,0.0,0.0,0.0,0.0,0.0,0.0,0.0,0.0,0.0,0.0,0.0,0.0,0.0,0.0,0.0,0.0,0.0,0.0,0.0,0.0,0.0,0.0,0.0,0.0,0.0,0.0,0.0,0.0,0.0,0.0,0.0,0.0,0.0,0.0,0.0,0.0,0.0,0.0,0.0,0.0,0.0,0.0,0.0,0.0,0.0,0.0,0.0,0.0,0.0,0.0,0.0,0.0,0.0,0.0,0.0,0.0,0.0,0.0,0.0,1.0,0.0,0.0,0.0,0.0,0.0,0.0,0.0
15,8.221274858318356e+17,"M25 : Accident anticlockwise between J24, Potters Bar and J23 A1(M), one lane closed",2017-01-19T17:04:01.000Z,20258343.0,5 live Travel,"BBC Radio 5 live's travel team with national travel updates for the UK.
Listen online via http://t.co/DMJqiz8E",3795.0,0.0,accident clos,0,0.0,0.0,0.0,0.0,0.0,0.0,0.0,0.0,0.0,0.0,0.0,0.0,0.0,0.0,0.0,0.0,1.0,0.0,0.0,0.0,0.0,0.0,0.0,0.0,0.0,0.0,0.0,0.0,0.0,0.0,1.0,0.0,0.0,0.0,0.0,0.0,0.0,0.0,0.0,0.0,0.0,0.0,0.0,0.0,0.0,0.0,0.0,0.0,0.0,0.0,0.0,0.0,0.0,0.0,0.0,0.0,0.0,0.0,0.0,0.0,0.0,0.0,0.0,0.0,0.0,0.0,0.0,0.0,0.0,0.0,0.0,0.0,0.0,0.0,0.0,0.0,0.0
16,8.221322534384435e+17,"M25 : Earlier accident anticlockwise between J24, Potters Bar and J23 A1(M), queueing traffic",2017-01-19T17:22:58.000Z,20258343.0,5 live Travel,"BBC Radio 5 live's travel team with national travel updates for the UK.
Listen online via http://t.co/DMJqiz8E",3795.0,0.0,accident queu,0,0.0,0.0,0.0,0.0,0.0,0.0,0.0,0.0,0.0,0.0,0.0,0.0,1.0,0.0,0.0,0.0,0.0,0.0,0.0,0.0,0.0,0.0,0.0,0.0,0.0,0.0,0.0,0.0,0.0,0.0,1.0,0.0,0.0,0.0,0.0,0.0,0.0,0.0,0.0,0.0,0.0,0.0,0.0,0.0,0.0,0.0,0.0,0.0,0.0,0.0,0.0,0.0,0.0,0.0,0.0,0.0,0.0,0.0,0.0,0.0,0.0,0.0,0.0,0.0,0.0,0.0,0.0,0.0,0.0,0.0,0.0,0.0,0.0,0.0,0.0,0.0,0.0
17,8.234779170826158e+17,#M25 anti-clockwise between J24 and J23 - Congestion - Full details at https://t.co/l5EmoAw0RN,2017-01-23T10:30:09.000Z,797685578.0,Live Traffic - M25,Live #M25 traffic information updated every 5 minutes by @MotorwayCameras - SEE the traffic live CCTV images @ http://t.co/xQQta8vJRK,54500.0,0.0,conges full,0,0.0,0.0,0.0,0.0,0.0,1.0,0.0,0.0,0.0,0.0,0.0,0.0,0.0,0.0,0.0,0.0,0.0,0.0,0.0,0.0,1.0,0.0,0.0,0.0,0.0,0.0,0.0,0.0,0.0,0.0,0.0,0.0,0.0,0.0,0.0,0.0,0.0,0.0,0.0,0.0,0.0,0.0,0.0,0.0,0.0,0.0,0.0,0.0,0.0,0.0,0.0,0.0,0.0,0.0,0.0,0.0,0.0,0.0,0.0,0.0,0.0,0.0,0.0,0.0,0.0,0.0,0.0,0.0,0.0,0.0,0.0,0.0,0.0,0.0,0.0,0.0,0.0
18,8.237856884789166e+17,#M25 - MINOR - Hertfordshire Anti-Clockwise - Congestion - Between J24 for A111 Hertfordshire and J23 for A1 South Mimms,2017-01-24T06:53:07.000Z,8.11607645018792e+17,UK Motorways Traffic,This is traffic updates of all motorways in the uk ðŸ‡¬ðŸ‡§! I'm available every day between 6:30AM - 20:00PM on weekdays and weekends 7AM to 19PM,568.0,0.0,conges,0,0.0,0.0,0.0,0.0,0.0,1.0,0.0,0.0,0.0,0.0,0.0,0.0,0.0,0.0,0.0,0.0,0.0,0.0,0.0,0.0,0.0,0.0,0.0,0.0,0.0,0.0,0.0,0.0,0.0,0.0,0.0,0.0,0.0,0.0,0.0,0.0,0.0,0.0,0.0,0.0,0.0,0.0,0.0,0.0,0.0,0.0,0.0,0.0,0.0,0.0,0.0,0.0,0.0,0.0,0.0,0.0,0.0,0.0,0.0,0.0,0.0,0.0,0.0,0.0,0.0,0.0,0.0,0.0,0.0,0.0,0.0,0.0,0.0,0.0,0.0,0.0,0.0
19,8.237990900520059e+17,"M25 Hertfordshire - Queuing traffic on M25 anticlockwise between J24, A111 (Potters Bar) and J23 A1(M)",2017-01-24T07:46:23.000Z,1193284392.0,Metroline HERTS,Operator based in Potters Bar. We operate routes 242305 & PB1. Account is currently monitored 09:00-17:00 Mon-Fri - Email: routes84and242@metroline.co.uk,955.0,0.0,queu,0,0.0,0.0,0.0,0.0,0.0,0.0,0.0,0.0,0.0,0.0,0.0,0.0,1.0,0.0,0.0,0.0,0.0,0.0,0.0,0.0,0.0,0.0,0.0,0.0,0.0,0.0,0.0,0.0,0.0,0.0,0.0,0.0,0.0,0.0,0.0,0.0,0.0,0.0,0.0,0.0,0.0,0.0,0.0,0.0,0.0,0.0,0.0,0.0,0.0,0.0,0.0,0.0,0.0,0.0,0.0,0.0,0.0,0.0,0.0,0.0,0.0,0.0,0.0,0.0,0.0,0.0,0.0,0.0,0.0,0.0,0.0,0.0,0.0,0.0,0.0,0.0,0.0
20,8.263369379591127e+17,#M25 - MINOR - Hertfordshire Anti-Clockwise - Congestion - Between J24 for A111 Hertfordshire and J23 for A1 South Mimms,2017-01-31T07:50:53.000Z,8.11607645018792e+17,UK Motorways Traffic,This is traffic updates of all motorways in the uk ðŸ‡¬ðŸ‡§! I'm available every day between 6:30AM - 20:00PM on weekdays and weekends 7AM to 19PM,568.0,0.0,conges,0,0.0,0.0,0.0,0.0,0.0,1.0,0.0,0.0,0.0,0.0,0.0,0.0,0.0,0.0,0.0,0.0,0.0,0.0,0.0,0.0,0.0,0.0,0.0,0.0,0.0,0.0,0.0,0.0,0.0,0.0,0.0,0.0,0.0,0.0,0.0,0.0,0.0,0.0,0.0,0.0,0.0,0.0,0.0,0.0,0.0,0.0,0.0,0.0,0.0,0.0,0.0,0.0,0.0,0.0,0.0,0.0,0.0,0.0,0.0,0.0,0.0,0.0,0.0,0.0,0.0,0.0,0.0,0.0,0.0,0.0,0.0,0.0,0.0,0.0,0.0,0.0,0.0
